,lema,animacy,gender,finale,n_syll,soft0
0,дух,1,1,х,1,1
1,труд,1,1,д,1,1
2,дух,1,1,х,1,1
3,огород,1,1,д,3,1
4,лагер,1,1,р,2,1
5,дело,1,0,л,1,1
6,клуб,1,1,б,1,1
7,дух,1,1,х,1,1
8,дом,1,1,м,1,1
9,дух,1,1,х,1,1
10,дух,1,1,х,1,1
11,сервант,1,1,т,2,1
12,холодильник,1,1,к,4,1
13,место,1,0,т,1,1
14,конец,1,1,ц,2,1
15,конец,1,1,ц,2,1
16,детство,1,0,в,1,1
17,дом,1,1,м,1,1
18,детство,1,0,в,1,1
19,детство,1,0,в,1,1
20,детство,1,0,в,1,1
21,дух,1,1,х,1,1
22,дух,1,1,х,1,1
23,дух,1,1,х,1,1
24,дух,1,1,х,1,1
25,поднос,1,1,с,2,1
26,место,1,0,т,1,1
27,место,1,0,т,1,1
28,дом,1,1,м,1,1
29,июнь,1,1,н',2,0
30,июль,1,1,л',2,0
31,конец,1,1,ц,2,1
32,село,1,0,л,1,1
33,колхоз,1,1,з,2,1
34,село,1,0,л,1,1
35,бугор,1,1,р,2,1
36,агрегат,1,1,т,3,1
37,диаметр,1,1,р,3,1
38,дело,1,0,л,1,1
39,бугор,1,1,р,2,1
40,центр,1,1,р,1,1
41,песок,1,1,к,2,1
42,черемис,1,1,с,3,1
43,район,1,1,н,2,1
44,озеро,1,0,р,2,1
45,место,1,0,т,1,1
46,подпол,1,1,л,2,1
47,дом,1,1,м,1,1
48,результат,1,1,т,3,1
49,число,1,0,л,1,1
50,ландех,1,1,х,2,1
51,курс,1,1,с,1,1
52,перекрёсток,1,1,к,4,1
53,магазин,1,1,н,3,1
54,рынок,1,1,к,2,1
55,озеро,1,0,р,2,1
56,озеро,1,0,р,2,1
57,район,1,1,н,2,1
58,магазин,1,1,н,3,1
59,итог,1,1,г,2,1
60,место,1,0,т,1,1
61,интернет,1,1,т,3,1
62,село,1,0,л,1,1
63,село,1,0,л,1,1
64,возраст,1,1,т,2,1
65,интернет,1,1,т,3,1
66,возраст,1,1,т,2,1
67,ключ,1,1,ч,1,1
68,интернет,1,1,т,3,1
69,интернет,1,1,т,3,1
70,место,1,0,т,1,1
71,посёлок,1,1,к,3,1
72,дом,1,1,м,1,1
73,число,1,0,л,1,1
74,департамент,1,1,т,4,1
75,мерседес,1,1,с,3,1
76,место,1,0,т,1,1
77,дело,1,0,л,1,1
78,дело,1,0,л,1,1
79,интернет,1,1,т,3,1
80,велосипед,1,1,д,4,1
81,комсомол,1,1,л,3,1
82,чердак,1,1,к,2,1
83,дом,1,1,м,1,1
84,число,1,0,л,1,1
85,интернет,1,1,т,3,1
86,ландех,1,1,х,2,1
87,диаметр,1,1,р,3,1
88,интернет,1,1,т,3,1
89,ландех,1,1,х,2,1
90,ландех,1,1,х,2,1
91,кладбище,1,0,щ',2,0
92,ландех,1,1,х,2,1
93,ландех,1,1,х,2,1
94,кладбище,1,0,щ',2,0
95,июнь,1,1,н',2,0
96,дом,1,1,м,1,1
97,место,1,0,т,1,1
98,принцип,1,1,п,2,1
99,дом,1,1,м,1,1
100,восток,1,1,к,2,1
101,холуй,1,1,й,2,1
102,окошечко,1,0,к,3,1
103,холово,1,0,в,2,1
104,место,1,0,т,1,1
105,район,1,1,н,2,1
106,волокобино,1,0,н,4,1
107,принцип,1,1,п,2,1
108,место,1,0,т,1,1
109,случай,1,1,й,2,1
110,детство,1,0,в,1,1
111,класс,1,1,с,1,1
112,дом,1,1,м,1,1
113,огород,1,1,д,3,1
114,достаток,1,1,к,3,1
115,дом,1,1,м,1,1
116,случай,1,1,й,2,1
117,июль,1,1,л',2,0
118,озеро,1,0,р,2,1
119,озеро,1,0,р,2,1
120,календарь,1,1,р',3,0
121,ряплово,1,0,в,2,1
122,аккордеон,1,1,н,4,1
123,случай,1,1,й,2,1
124,порядок,1,1,к,3,1
125,смысл,1,1,л,1,1
126,класс,1,1,с,1,1
127,дело,1,0,л,1,1
128,дело,1,0,л,1,1
129,пятачок,1,1,к,3,1
130,место,1,0,т,1,1
131,поле,1,0,л',1,0
132,место,1,0,т,1,1
133,случай,1,1,й,2,1
134,донышко,1,0,к,2,1
135,колхоз,1,1,з,2,1
136,конец,1,1,ц,2,1
137,свинарник,1,1,к,3,1
138,фронт,1,1,т,1,1
139,институт,1,1,т,3,1
140,дом,1,1,м,1,1
141,храм,1,1,м,1,1
142,храм,1,1,м,1,1
143,огород,1,1,д,3,1
144,факультет,1,1,т,3,1
145,февраль,1,1,л',2,0
146,крест,1,1,т,1,1
147,восток,1,1,к,2,1
148,порядок,1,1,к,3,1
149,бордель,1,1,л',2,0
150,бордель,1,1,л',2,0
151,поле,1,0,л',1,0
152,баян,1,1,н,2,1
153,двор,1,1,р,1,1
154,двор,1,1,р,1,1
155,колхоз,1,1,з,2,1
156,прогон,1,1,н,2,1
157,дом,1,1,м,1,1
158,полукомодник,1,1,к,5,1
159,дом,1,1,м,1,1
160,чулан,1,1,н,2,1
161,полукомодник,1,1,к,5,1
162,завод,1,1,д,2,1
163,кювет,1,1,т,2,1
164,костёр,1,1,р,2,1
165,холодильник,1,1,к,4,1
166,поле,1,0,л',1,0
167,село,1,0,л,1,1
168,волокобино,1,0,н,4,1
169,поле,1,0,л',1,0
170,двор,1,1,р,1,1
171,деревень,1,1,н',3,0
172,город,1,1,д,2,1
173,садик,1,1,к,2,1
174,конец,1,1,ц,2,1
175,сарай,1,1,й,2,1
176,порядочек,1,1,к,4,1
177,коридор,1,1,р,3,1
178,коридор,1,1,р,3,1
179,стол,1,1,л,1,1
180,дом,1,1,м,1,1
181,порядок,1,1,к,3,1
182,кладбище,1,0,щ',2,0
183,поле,1,0,л',1,0
184,поле,1,0,л',1,0
185,молитвослов,1,1,в,4,1
186,конь,0,1,н',1,0
187,конь,0,1,н',1,0
188,народ,1,1,д,2,1
189,порядок,1,1,к,3,1
190,кольцо,1,0,ц,1,1
191,посёлок,1,1,к,3,1
192,чердак,1,1,к,2,1
193,чердак,1,1,к,2,1
194,чердак,1,1,к,2,1
195,чердак,1,1,к,2,1
196,чердак,1,1,к,2,1
197,чердак,1,1,к,2,1
198,чердак,1,1,к,2,1
199,сон,1,1,н,1,1
200,месяц,1,1,ц,2,1
201,вечер,1,1,р,2,1
202,поле,1,0,л',1,0
203,детство,1,0,в,1,1
204,ландех,1,1,х,2,1
205,ландех,1,1,х,2,1
206,ландех,1,1,х,2,1
207,ландех,1,1,х,2,1
208,ландех,1,1,х,2,1
209,город,1,1,д,2,1
210,вход,1,1,д,1,1
211,вход,1,1,д,1,1
212,колхоз,1,1,з,2,1
213,дом,1,1,м,1,1
214,дом,1,1,м,1,1
215,конец,1,1,ц,2,1
216,случай,1,1,й,2,1
217,купол,1,1,л,2,1
218,село,1,0,л,1,1
219,село,1,0,л,1,1
220,дом,1,1,м,1,1
221,зал,1,1,л,1,1
222,зал,1,1,л,1,1
223,полигон,1,1,н,3,1
224,рыбак,0,1,к,2,1
225,царь,0,1,р',1,0
226,сугроб,1,1,б,2,1
227,озеро,1,0,р,2,1
228,огород,1,1,д,3,1
229,камень,1,1,н',2,0
230,смысл,1,1,л,1,1
231,колодец,1,1,ц,3,1
232,институт,1,1,т,3,1
233,колодец,1,1,ц,3,1
234,огород,1,1,д,3,1
235,село,1,0,л,1,1
236,стадо,1,0,д,1,1
237,спирт,1,1,т,1,1
238,спирт,1,1,т,1,1
239,спирт,1,1,т,1,1
240,госпиталь,1,1,л',3,0
241,протез,1,1,з,2,1
242,завод,1,1,д,2,1
243,кабинет,1,1,т,3,1
244,поезд,1,1,д,2,1
245,вагон,1,1,н,2,1
246,спирт,1,1,т,1,1
247,живот,1,1,т,2,1
248,дом,1,1,м,1,1
249,клуб,1,1,б,1,1
250,клуб,1,1,б,1,1
251,клуб,1,1,б,1,1
252,клуб,1,1,б,1,1
253,дом,1,1,м,1,1
254,клуб,1,1,б,1,1
255,начало,1,0,л,2,1
256,пруд,1,1,д,1,1
257,бульвар,1,1,р,2,1
258,район,1,1,н,2,1
259,животноводство,1,0,в,4,1
260,октябрь,1,1,р',2,0
261,совхоз,1,1,з,2,1
262,клуб,1,1,б,1,1
263,полеводство,1,0,в,3,1
264,крыльцо,1,0,ц,1,1
265,полеводство,1,0,в,3,1
266,хлебзавод,1,1,д,3,1
267,хлебзавод,1,1,д,3,1
268,магазин,1,1,н,3,1
269,интернат,1,1,т,3,1
270,дурдом,1,1,м,2,1
271,апрель,1,1,л',2,0
272,месяц,1,1,ц,2,1
273,апрель,1,1,л',2,0
274,случай,1,1,й,2,1
275,окоп,1,1,п,2,1
276,язык,1,1,к,2,1
277,начало,1,0,л,2,1
278,фронт,1,1,т,1,1
279,праздник,1,1,к,2,1
280,велосипед,1,1,д,4,1
281,ручей,1,1,й,2,1
282,порядок,1,1,к,3,1
283,порядок,1,1,к,3,1
284,детство,1,0,в,1,1
285,автобус,1,1,с,3,1
286,святоозеро,1,0,р,4,1
287,автобус,1,1,с,3,1
288,кладбище,1,0,щ',2,0
289,отпуск,1,1,к,2,1
290,этаж,1,1,ж,2,1
291,клуб,1,1,б,1,1
292,дом,1,1,м,1,1
293,интернет,1,1,т,3,1
294,бульвар,1,1,р,2,1
295,болото,1,0,т,2,1
296,болото,1,0,т,2,1
297,болото,1,0,т,2,1
298,огород,1,1,д,3,1
299,магазин,1,1,н,3,1
300,конец,1,1,ц,2,1
301,место,1,0,т,1,1
302,место,1,0,т,1,1
303,дом,1,1,м,1,1
304,уровень,1,1,н',3,0
305,кладбище,1,0,щ',2,0
306,пруд,1,1,д,1,1
307,воротник,1,1,к,3,1
308,чердак,1,1,к,2,1
309,поле,1,0,л',1,0
310,трактор,1,1,р,2,1
311,кольцо,1,0,ц,1,1
312,велосипед,1,1,д,4,1
313,двор,1,1,р,1,1
314,стол,1,1,л,1,1
315,место,1,0,т,1,1
316,колхоз,1,1,з,2,1
317,поезд,1,1,д,2,1
318,отпуск,1,1,к,2,1
319,каблучок,1,1,к,3,1
320,район,1,1,н,2,1
321,сентябрь,1,1,р',2,0
322,север,1,1,р,2,1
323,август,1,1,т,2,1
324,август,1,1,т,2,1
325,сентябрь,1,1,р',2,0
326,день,1,1,н',1,0
327,дом,1,1,м,1,1
328,болото,1,0,т,2,1
329,август,1,1,т,2,1
330,месяц,1,1,ц,2,1
331,месяц,1,1,ц,2,1
332,месяц,1,1,ц,2,1
333,ландех,1,1,х,2,1
334,апрель,1,1,л',2,0
335,месяц,1,1,ц,2,1
336,месяц,1,1,ц,2,1
337,клуб,1,1,б,1,1
338,поле,1,0,л',1,0
339,клуб,1,1,б,1,1
340,дом,1,1,м,1,1
341,детство,1,0,в,1,1
342,колхоз,1,1,з,2,1
343,колхоз,1,1,з,2,1
344,дом,1,1,м,1,1
345,дом,1,1,м,1,1
346,болото,1,0,т,2,1
347,колхоз,1,1,з,2,1
348,ландех,1,1,х,2,1
349,август,1,1,т,2,1
350,колхоз,1,1,з,2,1
351,колхоз,1,1,з,2,1
352,центр,1,1,р,1,1
353,клуб,1,1,б,1,1
354,сентябрь,1,1,р',2,0
355,месяц,1,1,ц,2,1
356,огород,1,1,д,3,1
357,клуб,1,1,б,1,1
358,клуб,1,1,б,1,1
359,клуб,1,1,б,1,1
360,мундир,1,1,р,2,1
361,чугун,1,1,н,2,1
362,магазин,1,1,н,3,1
363,дом,1,1,м,1,1
364,дом,1,1,м,1,1
365,дождь,1,1,д',1,0
366,лик,1,1,к,1,1
367,ландех,1,1,х,2,1
368,войлок,1,1,к,2,1
369,клирос,1,1,с,2,1
370,клирос,1,1,с,2,1
371,август,1,1,т,2,1
372,дом,1,1,м,1,1
373,февраль,1,1,л',2,0
374,ландех,1,1,х,2,1
375,ландех,1,1,х,2,1
376,ландех,1,1,х,2,1
377,коридор,1,1,р,3,1
378,девичник,1,1,к,3,1
379,дом,1,1,м,1,1
380,клуб,1,1,б,1,1
381,колхоз,1,1,з,2,1
382,кресло,1,0,л,1,1
383,кресло,1,0,л,1,1
384,декабрь,1,1,р',2,0
385,принцип,1,1,п,2,1
386,ландех,1,1,х,2,1
387,район,1,1,н,2,1
388,клуб,1,1,б,1,1
389,кресло,1,0,л,1,1
390,кресло,1,0,л,1,1
391,садик,1,1,к,2,1
392,лифт,1,1,т,1,1
393,лифт,1,1,т,1,1
394,этаж,1,1,ж,2,1
395,дом,1,1,м,1,1
396,стол,1,1,л,1,1
397,дом,1,1,м,1,1
398,клуб,1,1,б,1,1
399,магазин,1,1,н,3,1
400,магазин,1,1,н,3,1
401,клуб,1,1,б,1,1
402,село,1,0,л,1,1
403,дерево,1,0,в,2,1
404,дерево,1,0,в,2,1
405,поле,1,0,л',1,0
406,лесничество,1,0,в,3,1
407,достаток,1,1,к,3,1
408,колхоз,1,1,з,2,1
409,огород,1,1,д,3,1
410,случай,1,1,й,2,1
411,дом,1,1,м,1,1
412,дом,1,1,м,1,1
413,место,1,0,т,1,1
414,июль,1,1,л',2,0
415,сундук,1,1,к,2,1
416,сундук,1,1,к,2,1
417,магазин,1,1,н,3,1
418,крыльцо,1,0,ц,1,1
419,село,1,0,л,1,1
420,магазин,1,1,н,3,1
421,магазин,1,1,н,3,1
422,магазин,1,1,н,3,1
423,плечо,1,0,ч,1,1
424,плечо,1,0,ч,1,1
425,стол,1,1,л,1,1
426,стол,1,1,л,1,1
427,пупок,1,1,к,2,1
428,яичко,1,0,к,2,1
429,порядок,1,1,к,3,1
430,закат,1,1,т,2,1
431,роддом,1,1,м,2,1
432,магазин,1,1,н,3,1
433,колхоз,1,1,з,2,1
434,колхоз,1,1,з,2,1
435,потолок,1,1,к,3,1
436,потолок,1,1,к,3,1
437,колхоз,1,1,з,2,1
438,волокобино,1,0,н,4,1
439,дом,1,1,м,1,1
440,крыльцо,1,0,ц,1,1
441,крыльцо,1,0,ц,1,1
442,село,1,0,л,1,1
443,дело,1,0,л,1,1
444,город,1,1,д,2,1
445,солнышко,1,0,к,2,1
446,вид,1,1,д,1,1
447,вид,1,1,д,1,1
448,район,1,1,н,2,1
449,дом,1,1,м,1,1
450,дом,1,1,м,1,1
451,волокобино,1,0,н,4,1
452,костюм,1,1,м,2,1
453,тарантас,1,1,с,3,1
454,дом,1,1,м,1,1
455,костюм,1,1,м,2,1
456,костюм,1,1,м,2,1
457,дом,1,1,м,1,1
458,дом,1,1,м,1,1
459,порядок,1,1,к,3,1
460,конец,1,1,ц,2,1
461,волокобино,1,0,н,4,1
462,рюпино,1,0,н,2,1
463,волокобино,1,0,н,4,1
464,дух,1,1,х,1,1
465,почёт,1,1,т,2,1
466,магазин,1,1,н,3,1
467,костюм,1,1,м,2,1
468,тулуп,1,1,п,2,1
469,тулуп,1,1,п,2,1
470,тулуп,1,1,п,2,1
471,колхоз,1,1,з,2,1
472,дом,1,1,м,1,1
473,дом,1,1,м,1,1
474,село,1,0,л,1,1
475,детство,1,0,в,1,1
476,перекрёсток,1,1,к,4,1
477,место,1,0,т,1,1
478,дом,1,1,м,1,1
479,дом,1,1,м,1,1
480,ведро,1,0,р,1,1
481,труд,1,1,д,1,1
482,волокобино,1,0,н,4,1
483,волокобино,1,0,н,4,1
484,стаканчик,1,1,к,3,1
485,коридор,1,1,р,3,1
